{
  "config": {
    "n_train": 6000,
    "n_val": 2000,
    "epochs": 18,
    "batch_size": 500,
    "lr": 0.08,
    "amp": "off",
    "h": 0.05,
    "head_dirs": 6,
    "abl_dirs": 4,
    "dir_seed": 1000,
    "device": "cuda",
    "gpu": "NVIDIA A40"
  },
  "results": [
    {
      "stage": "head",
      "routine": "baseline",
      "metaparam": "per_cluster",
      "h": 0.05,
      "num_directions": 6,
      "f0": 1.3328694105148315,
      "val_acc": 0.5180000066757202,
      "s_curvature": [
        100.81090927124022,
        220.36294937133783,
        256.7935943603515,
        32.75399208068847,
        80.7690143585205,
        9.572601318359373
      ],
      "s_curvature_mean": 116.843843460083,
      "s_curvature_std": 91.68679370076556,
      "s_curvature_median": 80.76901245117188,
      "s_hat": [
        -0.048159219324588776,
        -0.15894152224063873,
        -0.1893794685602188,
        0.0894855484366417,
        -0.0010814524721354246,
        0.1257743537425995
      ],
      "s_hat_mean": -0.030383626736390095,
      "s_hat_std": 0.11671570398919698
    },
    {
      "stage": "head",
      "routine": "smooth",
      "metaparam": "per_cluster",
      "h": 0.05,
      "num_directions": 6,
      "f0": 0.9398024678230286,
      "val_acc": 0.6775000095367432,
      "s_curvature": [
        29.275560379028313,
        2.4670362472534175,
        10.041642189025877,
        13.336086273193358,
        22.881436347961422,
        2.6687860488891597
      ],
      "s_curvature_mean": 13.445091247558592,
      "s_curvature_std": 9.898570222338266,
      "s_curvature_median": 10.041642189025879,
      "s_hat": [
        0.19442079961299896,
        0.26539987325668335,
        0.27430662512779236,
        0.24099357426166534,
        0.1654578447341919,
        0.13047486543655396
      ],
      "s_hat_mean": 0.2118422637383143,
      "s_hat_std": 0.05275049467597943
    },
    {
      "stage": "head",
      "routine": "baseline",
      "metaparam": "per_example",
      "h": 0.05,
      "num_directions": 4,
      "f0": 1.3328694105148315,
      "val_acc": 0.5180000066757202,
      "s_curvature": [
        10.993671417236326,
        153.7999629974365,
        19.64340209960937,
        13.848543167114254
      ],
      "s_curvature_mean": 49.571394920349114,
      "s_curvature_std": 60.25703702835151,
      "s_curvature_median": 13.848543167114258,
      "s_hat": [
        0.1459166705608368,
        0.013470896519720554,
        0.03426109999418259,
        0.07796021550893784
      ],
      "s_hat_mean": 0.06790222064591944,
      "s_hat_std": 0.050699880919553665
    },
    {
      "stage": "head",
      "routine": "smooth",
      "metaparam": "per_example",
      "h": 0.05,
      "num_directions": 4,
      "f0": 0.9398024678230286,
      "val_acc": 0.6775000095367432,
      "s_curvature": [
        19.202923774719235,
        4.683399200439452,
        21.58882617950439,
        7.084250450134276
      ],
      "s_curvature_mean": 13.139849901199339,
      "s_curvature_std": 7.354044943315939,
      "s_curvature_median": 7.084250450134277,
      "s_hat": [
        0.06091570854187012,
        0.09927669167518616,
        0.042503245174884796,
        0.13499541580677032
      ],
      "s_hat_mean": 0.08442276529967785,
      "s_hat_std": 0.03566531926462059
    },
    {
      "stage": "head",
      "routine": "smooth_wide",
      "metaparam": "per_cluster",
      "h": 0.05,
      "num_directions": 3,
      "f0": 0.7863350510597229,
      "val_acc": 0.7315000295639038,
      "s_curvature": [
        5.733680725097655,
        3.5341501235961905,
        3.9729833602905265
      ],
      "s_curvature_mean": 4.413604736328124,
      "s_curvature_std": 0.9504715021157651,
      "s_curvature_median": 3.9729833602905273,
      "s_hat": [
        0.3297886848449707,
        0.3076922595500946,
        0.11739920824766159
      ],
      "s_hat_mean": 0.25162671754757565,
      "s_hat_std": 0.09534090130455342
    },
    {
      "stage": "menu",
      "routine": "avg_pool",
      "metaparam": "per_cluster",
      "h": 0.05,
      "num_directions": 4,
      "f0": 0.8919561505317688,
      "val_acc": 0.7360000610351562,
      "s_curvature": [
        2.618050575256347,
        5.399370193481444,
        0.06732940673828124,
        10.775399208068846
      ],
      "s_curvature_mean": 4.71503734588623,
      "s_curvature_std": 3.9747591106478057,
      "s_curvature_median": 2.6180505752563477,
      "s_hat": [
        -0.0005519610131159425,
        0.07837803661823273,
        0.0793597400188446,
        0.11580319702625275
      ],
      "s_hat_mean": 0.06824725316255353,
      "s_hat_std": 0.042488291932937405
    },
    {
      "stage": "menu",
      "routine": "final/3",
      "metaparam": "per_cluster",
      "h": 0.05,
      "num_directions": 4,
      "f0": 0.8032611012458801,
      "val_acc": 0.7660000324249268,
      "s_curvature": [
        1.9472122192382808,
        6.264376640319823,
        7.4536561965942365,
        0.18475055694580075
      ],
      "s_curvature_mean": 3.9624989032745352,
      "s_curvature_std": 2.9924731974592276,
      "s_curvature_median": 1.9472122192382812,
      "s_hat": [
        0.06233014166355133,
        0.02031671442091465,
        0.01827959530055523,
        0.044124897569417953
      ],
      "s_hat_mean": 0.03626283723860979,
      "s_hat_std": 0.018158965940737553
    },
    {
      "stage": "menu",
      "routine": "final/10",
      "metaparam": "per_cluster",
      "h": 0.05,
      "num_directions": 4,
      "f0": 0.7555075883865356,
      "val_acc": 0.7480000257492065,
      "s_curvature": [
        6.40888214111328,
        1.560711860656738,
        2.7800321578979488,
        2.5742769241333003
      ],
      "s_curvature_mean": 3.330975770950317,
      "s_curvature_std": 1.835992507141237,
      "s_curvature_median": 2.574276924133301,
      "s_hat": [
        0.12180443853139877,
        0.14833404123783112,
        0.1411358267068863,
        0.12547992169857025
      ],
      "s_hat_mean": 0.1341885570436716,
      "s_hat_std": 0.010926641750334441
    },
    {
      "stage": "menu",
      "routine": "final/30",
      "metaparam": "per_cluster",
      "h": 0.05,
      "num_directions": 4,
      "f0": 0.8276271820068359,
      "val_acc": 0.7280000448226929,
      "s_curvature": [
        1.2851953506469724,
        0.37448406219482416,
        3.255534172058105,
        2.342915534973144
      ],
      "s_curvature_mean": 1.8145322799682613,
      "s_curvature_std": 1.0850819982185458,
      "s_curvature_median": 1.2851953506469727,
      "s_hat": [
        0.3649430572986603,
        0.3723832368850708,
        0.35676848888397217,
        0.36886656284332275
      ],
      "s_hat_mean": 0.3657403364777565,
      "s_hat_std": 0.00581014458610481
    },
    {
      "stage": "menu",
      "routine": "bn_after_act",
      "metaparam": "per_cluster",
      "h": 0.05,
      "num_directions": 4,
      "f0": 1.4725838899612427,
      "val_acc": 0.48100003600120544,
      "s_curvature": [
        28.244447708129876,
        117.7988529205322,
        152.31814384460446,
        12.963056564331053
      ],
      "s_curvature_mean": 77.8311252593994,
      "s_curvature_std": 58.7631689898291,
      "s_curvature_median": 28.244447708129883,
      "s_hat": [
        -0.059269338846206665,
        -0.005553675349801779,
        -0.008757526986300945,
        -0.052559446543455124
      ],
      "s_hat_mean": -0.03153499693144113,
      "s_hat_std": 0.024520722925535653
    },
    {
      "stage": "menu",
      "routine": "gelu",
      "metaparam": "per_cluster",
      "h": 0.05,
      "num_directions": 4,
      "f0": 1.275650978088379,
      "val_acc": 0.5435000061988831,
      "s_curvature": [
        111.75456047058103,
        51.70989036560058,
        12.981319427490233,
        17.94338226318359
      ],
      "s_curvature_mean": 48.59728813171386,