{
  "config": {
    "n_train": 8000,
    "n_val": 3000,
    "epochs": 20,
    "batch_size": 500,
    "lr": 0.08,
    "amp": "off",
    "h": 0.05,
    "head_dirs": 12,
    "abl_dirs": 6,
    "dir_seed": 1000,
    "device": "cuda",
    "gpu": "NVIDIA A40"
  },
  "results": [
    {
      "stage": "head",
      "routine": "baseline",
      "metaparam": "per_cluster",
      "h": 0.05,
      "num_directions": 12,
      "f0": 1.0128300189971924,
      "val_acc": 0.6859999895095825,
      "s_curvature": [
        49.173498153686516,
        76.94623470306395,
        55.74665069580077,
        33.06965827941894,
        37.67638206481933,
        35.834074020385735,
        10.822629928588865,
        2.5197982788085933,
        7.175254821777342,
        39.337682723999016,
        7.713150978088377,
        52.96387672424316
      ],
      "s_curvature_mean": 34.08157428105672,
      "s_curvature_std": 22.158660233863042,
      "s_curvature_median": 35.83407211303711,
      "s_hat": [
        0.08945794403553009,
        0.07150393724441528,
        -0.0067742979153990746,
        0.03547116369009018,
        0.08021548390388489,
        0.052574384957551956,
        -0.08557924628257751,
        -0.0158237274736166,
        0.008202333003282547,
        0.03259244188666344,
        0.001727771363221109,
        0.03488002344965935
      ],
      "s_hat_mean": 0.02487068432189214,
      "s_hat_std": 0.046653826581392534
    },
    {
      "stage": "head",
      "routine": "smooth",
      "metaparam": "per_cluster",
      "h": 0.05,
      "num_directions": 12,
      "f0": 0.7525291442871094,
      "val_acc": 0.7453333139419556,
      "s_curvature": [
        9.681320190429686,
        8.536267280578612,
        5.9038400650024405,
        11.745238304138182,
        12.745714187622069,
        8.90538692474365,
        5.340385437011718,
        5.315709114074706,
        6.957101821899412,
        1.2328863143920896,
        2.522182464599609,
        14.544391632080075
      ],
      "s_curvature_mean": 7.785868644714355,
      "s_curvature_std": 3.854892957939549,
      "s_curvature_median": 6.957101821899414,
      "s_hat": [
        0.28011149168014526,
        0.22289404273033142,
        0.243125319480896,
        0.23648056387901306,
        0.19622820615768433,
        0.2539653182029724,
        0.09222262352705002,
        0.24885347485542297,
        0.13053905963897705,
        0.08563253283500671,
        0.19169586896896362,
        0.3065834045410156
      ],
      "s_hat_mean": 0.2073609922081232,
      "s_hat_std": 0.06815743412451179
    },
    {
      "stage": "head",
      "routine": "baseline",
      "metaparam": "per_example",
      "h": 0.05,
      "num_directions": 8,
      "f0": 1.0128300189971924,
      "val_acc": 0.6859999895095825,
      "s_curvature": [
        44.81034278869628,
        22.933435440063473,
        7.265090942382811,
        39.78686332702636,
        33.51283073425292,
        39.98389244079589,
        62.52167224884032,
        33.21790695190429
      ],
      "s_curvature_mean": 35.504004359245286,
      "s_curvature_std": 15.081532742872675,
      "s_curvature_median": 33.5128288269043,
      "s_hat": [
        -0.04795024171471596,
        0.04697328805923462,
        0.025280889123678207,
        0.04232048988342285,
        -0.017536699771881104,
        -0.04316617548465729,
        -0.004035502672195435,
        -0.0038380934856832027
      ],
      "s_hat_mean": -0.0002440057578496635,
      "s_hat_std": 0.03379581551068246
    },
    {
      "stage": "head",
      "routine": "smooth",
      "metaparam": "per_example",
      "h": 0.05,
      "num_directions": 8,
      "f0": 0.7525291442871094,
      "val_acc": 0.7453333139419556,
      "s_curvature": [
        4.706907272338866,
        3.697490692138671,
        3.412103652954101,
        2.350354194641113,
        5.624794960021972,
        2.0965337753295894,
        7.097315788269041,
        1.3539075851440427
      ],
      "s_curvature_mean": 3.7924259901046744,
      "s_curvature_std": 1.8087219211765573,
      "s_curvature_median": 3.4121036529541016,
      "s_hat": [
        -0.061195485293865204,
        0.0148336635902524,
        0.04393757879734039,
        0.13744574785232544,
        0.02093701995909214,
        0.06730754673480988,
        -0.06190281733870506,
        0.12862414121627808
      ],
      "s_hat_mean": 0.03624842443969101,
      "s_hat_std": 0.07037397990784505
    },
    {
      "stage": "head",
      "routine": "smooth_wide",
      "metaparam": "per_cluster",
      "h": 0.05,
      "num_directions": 4,
      "f0": 0.6714228987693787,
      "val_acc": 0.7639999985694885,
      "s_curvature": [
        1.6829490661621092,
        3.6370038986206046,
        4.846000671386718,
        3.7366151809692374
      ],
      "s_curvature_mean": 3.475642204284667,
      "s_curvature_std": 1.1386148939378666,
      "s_curvature_median": 3.6370038986206055,
      "s_hat": [
        0.19197511672973633,
        0.17100195586681366,
        0.2677065134048462,
        0.20939746499061584
      ],
      "s_hat_mean": 0.210020262748003,
      "s_hat_std": 0.03597272216063854
    },
    {
      "stage": "head",
      "routine": "smooth_gn",
      "metaparam": "per_cluster",
      "h": 0.05,
      "num_directions": 12,
      "f0": 1.5213675498962402,
      "val_acc": 0.44333332777023315,
      "s_curvature": [
        38.557815551757805,
        34.21010971069335,
        16.13802909851074,
        48.08335304260253,
        75.62890052795409,
        14.425420761108395,
        50.77357292175292,
        37.559747695922844,
        72.85523414611815,
        41.386795043945305,
        74.12123680114745,
        71.25730514526366
      ],
      "s_curvature_mean": 47.91646003723144,
      "s_curvature_std": 20.789546253197745,
      "s_curvature_median": 41.38679504394531,
      "s_hat": [
        0.11674860864877701,
        0.11028380692005157,
        0.23305200040340424,
        0.22457332909107208,
        0.09784552454948425,
        0.3341028690338135,
        0.17139214277267456,
        0.23585546016693115,
        0.18552982807159424,
        0.2901783883571625,
        0.18116818368434906,
        0.1731812208890915
      ],
      "s_hat_mean": 0.19615928021570048,
      "s_hat_std": 0.06857940095981825
    },
    {
      "stage": "menu",
      "routine": "avg_pool",
      "metaparam": "per_cluster",
      "h": 0.05,
      "num_directions": 6,
      "f0": 0.8735942244529724,
      "val_acc": 0.7586666345596313,
      "s_curvature": [
        9.59351062774658,
        5.080842971801757,
        8.534312248229979,
        11.481451988220213,
        4.9336910247802725,
        6.309032440185546
      ],
      "s_curvature_mean": 7.655473550160725,
      "s_curvature_std": 2.415787744985623,
      "s_curvature_median": 6.309032440185547,
      "s_hat": [
        0.059294700622558594,
        0.0791003406047821,
        0.0875711739063263,
        0.09684503823518753,
        0.05380553752183914,
        0.03033287450671196
      ],
      "s_hat_mean": 0.06782494423290093,
      "s_hat_std": 0.02248769336954331
    },
    {
      "stage": "menu",
      "routine": "final/3",
      "metaparam": "per_cluster",
      "h": 0.05,
      "num_directions": 6,
      "f0": 0.8029298782348633,
      "val_acc": 0.7736666798591614,
      "s_curvature": [
        1.5782833099365232,
        11.172580718994139,
        12.588548660278319,
        20.683145523071286,
        11.608767509460447,
        12.375450134277342
      ],
      "s_curvature_mean": 11.667795976003008,
      "s_curvature_std": 5.547853574709473,
      "s_curvature_median": 11.60876750946045,
      "s_hat": [
        0.03594546765089035,
        0.040747132152318954,
        0.028169654309749603,
        0.02756456658244133,
        0.007795274257659912,
        0.023382676765322685
      ],
      "s_hat_mean": 0.027267461953063805,